<?xml version='1.0' encoding='UTF-8' ?>
<timeLogEntries>
  <time id="1" path="/Integradora/PSP0/Planning" start="@1632024182235" delta="13" interrupt="2" />
  <time id="2" path="/Integradora/PSP0/Planning" start="@1632067302282" delta="4" />
  <time id="3" path="/Integradora/PSP0/Planning" start="@1632081569641" delta="8" />
  <time id="4" path="/Integradora/PSP0/Design" start="@1632082061378" delta="90" />
  <time id="5" path="/Integradora/PSP0/Design" start="@1632486441356" delta="89" />
  <time id="6" path="/Integradora/PSP0/Design" start="@1632627811861" delta="244" />
  <time id="7" path="/Integradora/PSP0/Design" start="@1632706488772" delta="101" />
  <time id="8" path="/Integradora/PSP0/Code" start="@1632712536611" delta="34" />
  <time id="9" path="/Integradora/PSP0/Design" start="@1632714603953" delta="33" />
  <time id="10" path="/Integradora/PSP0/Code" start="@1632716612677" delta="83" />
</timeLogEntries>
