<?xml version='1.0' encoding='UTF-8' ?>
<timeLogEntries>
  <time id="2" path="/Proyecto/Tarea integradora/PSP0.1/Planning" start="@1632017464112" delta="4" />
  <time id="3" path="/Proyecto/Tarea integradora/PSP0.1/Planning" start="@1632080160836" delta="32" />
  <time id="4" path="/Proyecto/Tarea integradora/PSP0.1/Design" start="@1632082057332" delta="97" />
  <time id="5" path="/Proyecto/Tarea integradora/PSP0.1/Design" start="@1632486146282" delta="85" />
  <time id="6" path="/Proyecto/Tarea integradora/PSP0.1/Code" start="@1632491257482" delta="160" interrupt="20" />
  <time id="7" path="/Proyecto/Tarea integradora/PSP0.1/Design" start="@1632502101836" delta="152" />
  <time id="9" path="/Proyecto/Tarea integradora/PSP0.1/Code" start="@1632491271000" delta="122" />
  <time id="10" path="/Proyecto/Tarea integradora/PSP0.1/Design" start="@1632617045335" delta="157" />
  <time id="11" path="/Proyecto/Tarea integradora/PSP0.1/Code" start="@1632706572109" delta="39" />
  <time id="12" path="/Proyecto/Tarea integradora/PSP0.1/Code" start="@1632712281091" delta="156" />
</timeLogEntries>
