<?xml version='1.0' encoding='UTF-8' ?>
<timeLogEntries>
  <time id="1" path="/Proyecto/Tarea Integradora I/PSP0.1/Planning" start="@1632146912000" delta="14" comment="Última idea de solución añadida" />
  <time id="2" path="/Proyecto/Tarea Integradora I/PSP0.1/Planning" start="@1632194080000" delta="42" interrupt="4" comment="Creación de ideas creativas de solución" />
  <time id="3" path="/Proyecto/Tarea Integradora I/PSP0.1/Design" start="@1632486400742" delta="145" />
  <time id="4" path="/Proyecto/Tarea Integradora I/PSP0.1/Design" start="@1632621665509" delta="50" />
  <time id="5" path="/Proyecto/Tarea Integradora I/PSP0.1/Code" start="@1632624645369" delta="62" />
  <time id="6" path="/Proyecto/Tarea Integradora I/PSP0.1/Design" start="@1632629902261" delta="9" />
  <time id="7" path="/Proyecto/Tarea Integradora I/PSP0.1/Design" start="@1632712364616" delta="3" />
  <time id="8" path="/Proyecto/Tarea Integradora I/PSP0.1/Code" start="@1632712518733" delta="12" />
  <time id="10" path="/Proyecto/Tarea Integradora I/PSP0.1/Code" start="@1632795276033" delta="167" />
</timeLogEntries>
